CIE,SEE
218,374
121,216
211,363
117,292
195,255
134,259
145,269
179,323
173,313
166,311
144,267
173,311
142,268
150,281
114,229
187,330
171,308
130,243
195,349
190,338
191,339
125,251
225,382
193,338
193,338
165,308
126,243
189,326
205,350
205,350
175,320
188,322
188,338
199,342
157,288
156,289
228,384
169,294
230,286
198,342
115,232
174,316
176,310
284,432
135,182
270,416
220,308
172,231
153,205
175,228
230,340
230,341
201,286
245,353
175,251
200,304
208,300
162,233
161,161
233,347
212,309
167,260
261,470
261,490
260,411
180,309
285,445
250,389
219,347
123,178
248,393
229,343
246,375
249,377
201,324
195,289
192,444
221,349
267,420
240,382
169,322
203,290
244,378
